{"text": "\u9019\u500b\u8932\u5b50\u770b\u5230\u4e86\u5427\u9019\u500b\u8932\u5b50\u662f\u54b1\u5011\u81ea\u5df1\u7e54\u7684\u5e03\u6599\u81ea\u5df1\u7e54\u7684\u554a\u52fe\u7d72\u7684\u4f60\u770b\u9019\u500b\u6f02\u4eae\u554a\u4f60\u770b\u9019\u500b\u662f\u5427\u6211\u524d\u5929\u7167\u7167\u7247\u7684\u6642\u5019\u7a7f\u7684\u662f\u9019\u500b\u662f\u9577\u8896\u7684\u9577\u8896\u7684\u554a\u73fe\u5728\u9019\u500b\u662f\u77ed\u8896\u7684\u9019\u500b\u6709LOGO\u90a3\u500b\u662f\u6c92\u6709LOGO\u7684\u9019\u662f\u4e0d\u4e00\u6a23\u7684\u7136\u5f8c\u9019\u500b\u6599\u5b50\u4f60\u770b\u662f\u9019\u500b\u9ed1\u7684\u9ed1\u9ed1\u9ed1\u7684\u5169\u5c64\u7684\u5c31\u9019\u6a23\u7684\u8863\u670d\u554a\u4f60\u8981\u662f\u771f\u7684\u8981\u8cb7\u9019\u500b\u539f\u5ee0\u90fd\u5e7e\u5343\u7f8e\u91d1\u4f46\u662f\u54b1\u4e03\u756a\u7dda\u505a\u7684\u5c31\u975e\u5e38\u7684\u597d\u6210\u672c\u5c31\u6703\u4e0d\u4e00\u6a23\u56e0\u70ba\u54b1\u4e2d\u9593\u6c92\u6709\u6536\u90a3\u9ebc\u591a\u5229\u6f64\u6700\u8fd1\u7684\u4e03\u756a\u7dda\u6211\u8b93\u4ed6\u5011\u7a0d\u5fae\u8abf\u6574\u66ab\u505c\u6211\u5011\u8981\u4e0a\u4e00\u4e9b\u65b0\u8ca8\u7d66\u5927\u5bb6\u4e00\u500b\u9a5a\u559c\u7d66\u5927\u5bb6\u500b\u9a5a\u559c\u4e0d\u8981\u8ffd\u6c42\u91cf\u7684\u8ffd\u6c42\u771f\u6b63\u7684\u597d\u5c31\u50cf\u9019\u6a23\u7684\u8863\u670d\u6211\u5e0c\u671b\u6230\u53cb\u771f\u6b63\u7684\u80fd\u7a7f\u4e0a\u80fd\u611f\u89ba\u5230\u4f60\u770b\u9019\u500b\u662f\u5427\u5225\u641e\u5f97\u82b1\u9019\u80e1\u54e8\u4f60\u770b\u9019\u500b\u4eba\u81ea\u5df1\u5370\u7684\u82b1\u6240\u6709\u7684\u4f5b\u6559\u5361\u9e97\u7199\u8001\u5ff5\u7d93\u7a7f\u4e0a\u500b\u771f\u6b63\u7684\u897f\u85cf\u7684\u9019\u7a2e\u4f5b\u6559\u7684\u8932\u5b50\u5427\u4f60\u770b\u8212\u670d\u554a\u8036\u8036\u8036\u8036\u8036\u82b1\u8932\u5b50\u82b1\u8932\u5b50\u4e2d\u4e2d\u4e2d", "segments": [{"id": 0, "seek": 0, "start": 1.0, "end": 3.0, "text": "\u9019\u500b\u8932\u5b50\u770b\u5230\u4e86\u5427", "tokens": [50414, 6287, 164, 97, 110, 7626, 18032, 37091, 50514], "temperature": 0.0, "avg_logprob": -0.22597955853751536, "compression_ratio": 1.44, "no_speech_prob": 0.429423451423645}, {"id": 1, "seek": 0, "start": 4.0, "end": 9.0, "text": "\u9019\u500b\u8932\u5b50\u662f\u54b1\u5011\u81ea\u5df1\u7e54\u7684\u5e03\u6599", "tokens": [50564, 6287, 164, 97, 110, 7626, 1541, 8975, 109, 4623, 17645, 23141, 242, 1546, 34688, 33404, 50814], "temperature": 0.0, "avg_logprob": -0.22597955853751536, "compression_ratio": 1.44, "no_speech_prob": 0.429423451423645}, {"id": 2, "seek": 0, "start": 9.0, "end": 11.0, "text": "\u81ea\u5df1\u7e54\u7684\u554a", "tokens": [50814, 17645, 23141, 242, 1546, 4905, 50914], "temperature": 0.0, "avg_logprob": -0.22597955853751536, "compression_ratio": 1.44, "no_speech_prob": 0.429423451423645}, {"id": 3, "seek": 0, "start": 11.0, "end": 12.0, "text": "\u52fe\u7d72\u7684", "tokens": [50914, 7978, 122, 6948, 110, 1546, 50964], "temperature": 0.0, "avg_logprob": -0.22597955853751536, "compression_ratio": 1.44, "no_speech_prob": 0.429423451423645}, {"id": 4, "seek": 0, "start": 12.0, "end": 15.0, "text": "\u4f60\u770b\u9019\u500b\u6f02\u4eae\u554a", "tokens": [50964, 16529, 6287, 29019, 4905, 51114], "temperature": 0.0, "avg_logprob": -0.22597955853751536, "compression_ratio": 1.44, "no_speech_prob": 0.429423451423645}, {"id": 5, "seek": 0, "start": 15.0, "end": 17.0, "text": "\u4f60\u770b\u9019\u500b", "tokens": [51114, 16529, 6287, 51214], "temperature": 0.0, "avg_logprob": -0.22597955853751536, "compression_ratio": 1.44, "no_speech_prob": 0.429423451423645}, {"id": 6, "seek": 0, "start": 19.0, "end": 20.0, "text": "\u662f\u5427", "tokens": [51314, 1541, 6062, 51364], "temperature": 0.0, "avg_logprob": -0.22597955853751536, "compression_ratio": 1.44, "no_speech_prob": 0.429423451423645}, {"id": 7, "seek": 0, "start": 20.0, "end": 24.0, "text": "\u6211\u524d\u5929\u7167\u7167\u7247\u7684\u6642\u5019\u7a7f\u7684\u662f\u9019\u500b\u662f\u9577\u8896\u7684", "tokens": [51364, 1654, 8945, 6135, 32150, 32150, 16668, 20643, 13740, 123, 24620, 41427, 15353, 19688, 244, 1546, 51564], "temperature": 0.0, "avg_logprob": -0.22597955853751536, "compression_ratio": 1.44, "no_speech_prob": 0.429423451423645}, {"id": 8, "seek": 0, "start": 24.0, "end": 25.0, "text": "\u9577\u8896\u7684\u554a", "tokens": [51564, 15353, 19688, 244, 1546, 4905, 51614], "temperature": 0.0, "avg_logprob": -0.22597955853751536, "compression_ratio": 1.44, "no_speech_prob": 0.429423451423645}, {"id": 9, "seek": 0, "start": 25.0, "end": 28.0, "text": "\u73fe\u5728\u9019\u500b\u662f\u77ed\u8896\u7684", "tokens": [51614, 12648, 41427, 5881, 255, 19688, 244, 1546, 51764], "temperature": 0.0, "avg_logprob": -0.22597955853751536, "compression_ratio": 1.44, "no_speech_prob": 0.429423451423645}, {"id": 10, "seek": 2800, "start": 28.0, "end": 30.0, "text": "\u9019\u500b\u6709LOGO\u90a3\u500b\u662f\u6c92\u6709LOGO\u7684", "tokens": [50364, 6287, 2412, 20184, 11601, 20754, 1541, 6963, 20184, 11601, 1546, 50464], "temperature": 0.0, "avg_logprob": -0.16273580045781583, "compression_ratio": 1.353909465020576, "no_speech_prob": 0.00857735238969326}, {"id": 11, "seek": 2800, "start": 30.0, "end": 31.0, "text": "\u9019\u662f\u4e0d\u4e00\u6a23\u7684", "tokens": [50464, 16600, 1960, 22977, 1546, 50514], "temperature": 0.0, "avg_logprob": -0.16273580045781583, "compression_ratio": 1.353909465020576, "no_speech_prob": 0.00857735238969326}, {"id": 12, "seek": 2800, "start": 31.0, "end": 33.0, "text": "\u7136\u5f8c\u9019\u500b\u6599\u5b50\u4f60\u770b\u662f\u9019\u500b\u9ed1\u7684", "tokens": [50514, 10213, 6287, 33404, 7626, 16529, 1541, 6287, 32141, 1546, 50614], "temperature": 0.0, "avg_logprob": -0.16273580045781583, "compression_ratio": 1.353909465020576, "no_speech_prob": 0.00857735238969326}, {"id": 13, "seek": 2800, "start": 33.0, "end": 36.0, "text": "\u9ed1\u9ed1\u9ed1\u7684\u5169\u5c64\u7684", "tokens": [50614, 32141, 32141, 32141, 1546, 16313, 9636, 97, 1546, 50764], "temperature": 0.0, "avg_logprob": -0.16273580045781583, "compression_ratio": 1.353909465020576, "no_speech_prob": 0.00857735238969326}, {"id": 14, "seek": 2800, "start": 37.0, "end": 39.0, "text": "\u5c31\u9019\u6a23\u7684\u8863\u670d\u554a", "tokens": [50814, 3111, 39425, 9890, 96, 27408, 4905, 50914], "temperature": 0.0, "avg_logprob": -0.16273580045781583, "compression_ratio": 1.353909465020576, "no_speech_prob": 0.00857735238969326}, {"id": 15, "seek": 2800, "start": 39.0, "end": 43.0, "text": "\u4f60\u8981\u662f\u771f\u7684\u8981\u8cb7\u9019\u500b\u539f\u5ee0\u90fd\u5e7e\u5343\u7f8e\u91d1", "tokens": [50914, 32085, 1541, 8034, 4275, 31001, 6287, 19683, 17527, 254, 7182, 23575, 20787, 9175, 19117, 51114], "temperature": 0.0, "avg_logprob": -0.16273580045781583, "compression_ratio": 1.353909465020576, "no_speech_prob": 0.00857735238969326}, {"id": 16, "seek": 2800, "start": 43.0, "end": 47.0, "text": "\u4f46\u662f\u54b1\u4e03\u756a\u7dda\u505a\u7684\u5c31\u975e\u5e38\u7684\u597d", "tokens": [51114, 11189, 8975, 109, 29920, 33118, 31699, 10907, 1546, 3111, 48263, 2131, 51314], "temperature": 0.0, "avg_logprob": -0.16273580045781583, "compression_ratio": 1.353909465020576, "no_speech_prob": 0.00857735238969326}, {"id": 17, "seek": 2800, "start": 47.0, "end": 49.0, "text": "\u6210\u672c\u5c31\u6703\u4e0d\u4e00\u6a23", "tokens": [51314, 11336, 8802, 47778, 1960, 22977, 51414], "temperature": 0.0, "avg_logprob": -0.16273580045781583, "compression_ratio": 1.353909465020576, "no_speech_prob": 0.00857735238969326}, {"id": 18, "seek": 2800, "start": 49.0, "end": 53.0, "text": "\u56e0\u70ba\u54b1\u4e2d\u9593\u6c92\u6709\u6536\u90a3\u9ebc\u591a\u5229\u6f64", "tokens": [51414, 11471, 8975, 109, 5975, 11016, 6963, 18681, 20504, 6392, 23700, 35622, 97, 51614], "temperature": 0.0, "avg_logprob": -0.16273580045781583, "compression_ratio": 1.353909465020576, "no_speech_prob": 0.00857735238969326}, {"id": 19, "seek": 2800, "start": 53.0, "end": 57.0,